<?xml version="1.0" encoding="UTF-8"?>
<beans xmlns="http://www.springframework.org/schema/beans"
	xmlns:ctx="http://www.springframework.org/schema/context"
	xmlns:tx="http://www.springframework.org/schema/tx"
	xmlns:mvc="http://www.springframework.org/schema/mvc"
	xmlns:xsi="http://www.w3.org/2001/XMLSchema-instance"
	xsi:schemaLocation="http://www.springframework.org/schema/beans
	http://www.springframework.org/schema/beans/spring-beans-4.0.xsd
	http://www.springframework.org/schema/mvc
	http://www.springframework.org/schema/mvc/spring-mvc.xsd
	http://www.springframework.org/schema/context
	http://www.springframework.org/schema/context/spring-context.xsd
	http://www.springframework.org/schema/tx
	http://www.springframework.org/schema/tx/spring-tx-4.0.xsd">

	<ctx:component-scan base-package="org.deloitte.sms.studentregistration.*"></ctx:component-scan>
	<tx:annotation-driven transaction-manager="transactionManager"/> 
	<bean id="dataSource" class="org.springframework.jdbc.datasource.DriverManagerDataSource">
        <property name="driverClassName" value="oracle.jdbc.driver.OracleDriver"></property>
        <property name="url" value="jdbc:oracle:thin:@localhost:1521:orcl"></property>
        <property name="username" value="scott"></property>
        <property name="password" value="tiger"></property>
    </bean>
	<bean id="sessionFactory" class="org.springframework.orm.hibernate4.LocalSessionFactoryBean"> 
		<property name="dataSource" ref="dataSource"></property> 
		<property name="annotatedClasses">
			<list>
				<value>org.deloitte.sms.studentregistration.beans.Student_Info</value>
				<value>org.deloitte.sms.studentregistration.beans.Fees_Info</value>
				<value>org.deloitte.sms.studentregistration.beans.Country_Info</value>
			</list>
		</property>
		<property name="hibernateProperties">
			<props>
				<prop key="hibernate.dialect">org.hibernate.dialect.OracleDialect</prop>
				<prop key="hibernate.show_sql">true</prop>
				 <prop key="hibernate.hbm2ddl.auto">update</prop> 
			</props>
		</property>			
	</bean>	
	<bean id="transactionManager" class="org.springframework.orm.hibernate4.HibernateTransactionManager">
		<property name="sessionFactory" ref="sessionFactory"></property> 
	</bean>
	<bean class="org.springframework.web.servlet.view.InternalResourceViewResolver">
		<property name="viewClass" value="org.springframework.web.servlet.view.JstlView"></property>
		<property name="prefix" value="/WEB-INF/views/"></property> 
		<property name="suffix" value=".jsp"></property> 
	</bean>
</beans>